,Choline Chloride-stock,Acetylcholine Chloride-stock,Tetraethylammonium Chloride-stock,Tetrapropylammonium Bromide-stock,Tetraethylammonium Iodide-stock,Ethylene Glycol-stock,Glycerol-stock,Acetamide-stock,"N,N-dimethylurea-stock",3-phenylpropionic acid-stock,Urea-stock,L-serine-stock,4-amino triazole-stock,Xylitol-stock,Phenylacetic acid-stock
0,97.67441860465117,0.0,0.0,0.0,0.0,502.3255813953488,0.0,0.0,0.0,0.0,0.0,0.0,0.0,0.0,0.0
1,182.60869565217394,0.0,0.0,0.0,0.0,417.3913043478261,0.0,0.0,0.0,0.0,0.0,0.0,0.0,0.0,0.0
2,257.1428571428571,0.0,0.0,0.0,0.0,342.85714285714283,0.0,0.0,0.0,0.0,0.0,0.0,0.0,0.0,0.0
3,291.0891089108911,0.0,0.0,0.0,0.0,308.91089108910893,0.0,0.0,0.0,0.0,0.0,0.0,0.0,0.0,0.0
4,323.0769230769231,0.0,0.0,0.0,0.0,276.9230769230769,0.0,0.0,0.0,0.0,0.0,0.0,0.0,0.0,0.0
5,353.27102803738313,0.0,0.0,0.0,0.0,246.7289719626168,0.0,0.0,0.0,0.0,0.0,0.0,0.0,0.0,0.0
6,381.81818181818187,0.0,0.0,0.0,0.0,218.1818181818182,0.0,0.0,0.0,0.0,0.0,0.0,0.0,0.0,0.0
7,408.849557522124,0.0,0.0,0.0,0.0,191.15044247787606,0.0,0.0,0.0,0.0,0.0,0.0,0.0,0.0,0.0
8,434.48275870273716,0.0,0.0,0.0,0.0,165.5172412972629,0.0,0.0,0.0,0.0,0.0,0.0,0.0,0.0,0.0
9,481.9672131108503,0.0,0.0,0.0,0.0,118.03278688914972,0.0,0.0,0.0,0.0,0.0,0.0,0.0,0.0,0.0
10,524.9999999418,0.0,0.0,0.0,0.0,75.00000005820003,0.0,0.0,0.0,0.0,0.0,0.0,0.0,0.0,0.0
11,564.179104477612,0.0,0.0,0.0,0.0,35.820895522388064,0.0,0.0,0.0,0.0,0.0,0.0,0.0,0.0,0.0
12,97.67441860465117,0.0,0.0,0.0,0.0,0.0,502.3255813953488,0.0,0.0,0.0,0.0,0.0,0.0,0.0,0.0
13,182.60869565217394,0.0,0.0,0.0,0.0,0.0,417.3913043478261,0.0,0.0,0.0,0.0,0.0,0.0,0.0,0.0
14,257.1428571428571,0.0,0.0,0.0,0.0,0.0,342.85714285714283,0.0,0.0,0.0,0.0,0.0,0.0,0.0,0.0
15,291.0891089108911,0.0,0.0,0.0,0.0,0.0,308.91089108910893,0.0,0.0,0.0,0.0,0.0,0.0,0.0,0.0
16,323.0769230769231,0.0,0.0,0.0,0.0,0.0,276.9230769230769,0.0,0.0,0.0,0.0,0.0,0.0,0.0,0.0
17,353.27102803738313,0.0,0.0,0.0,0.0,0.0,246.7289719626168,0.0,0.0,0.0,0.0,0.0,0.0,0.0,0.0
18,381.81818181818187,0.0,0.0,0.0,0.0,0.0,218.1818181818182,0.0,0.0,0.0,0.0,0.0,0.0,0.0,0.0
19,408.849557522124,0.0,0.0,0.0,0.0,0.0,191.15044247787606,0.0,0.0,0.0,0.0,0.0,0.0,0.0,0.0
20,434.48275870273716,0.0,0.0,0.0,0.0,0.0,165.5172412972629,0.0,0.0,0.0,0.0,0.0,0.0,0.0,0.0
21,481.9672131108503,0.0,0.0,0.0,0.0,0.0,118.03278688914972,0.0,0.0,0.0,0.0,0.0,0.0,0.0,0.0
22,524.9999999418,0.0,0.0,0.0,0.0,0.0,75.00000005820003,0.0,0.0,0.0,0.0,0.0,0.0,0.0,0.0
23,564.179104477612,0.0,0.0,0.0,0.0,0.0,35.820895522388064,0.0,0.0,0.0,0.0,0.0,0.0,0.0,0.0
24,97.67441860465117,0.0,0.0,0.0,0.0,0.0,0.0,502.3255813953488,0.0,0.0,0.0,0.0,0.0,0.0,0.0
25,182.60869565217394,0.0,0.0,0.0,0.0,0.0,0.0,417.3913043478261,0.0,0.0,0.0,0.0,0.0,0.0,0.0
26,257.1428571428571,0.0,0.0,0.0,0.0,0.0,0.0,342.85714285714283,0.0,0.0,0.0,0.0,0.0,0.0,0.0
27,291.0891089108911,0.0,0.0,0.0,0.0,0.0,0.0,308.91089108910893,0.0,0.0,0.0,0.0,0.0,0.0,0.0
28,323.0769230769231,0.0,0.0,0.0,0.0,0.0,0.0,276.9230769230769,0.0,0.0,0.0,0.0,0.0,0.0,0.0
29,353.27102803738313,0.0,0.0,0.0,0.0,0.0,0.0,246.7289719626168,0.0,0.0,0.0,0.0,0.0,0.0,0.0
30,381.81818181818187,0.0,0.0,0.0,0.0,0.0,0.0,218.1818181818182,0.0,0.0,0.0,0.0,0.0,0.0,0.0
31,408.849557522124,0.0,0.0,0.0,0.0,0.0,0.0,191.15044247787606,0.0,0.0,0.0,0.0,0.0,0.0,0.0
32,434.48275870273716,0.0,0.0,0.0,0.0,0.0,0.0,165.5172412972629,0.0,0.0,0.0,0.0,0.0,0.0,0.0
33,481.9672131108503,0.0,0.0,0.0,0.0,0.0,0.0,118.03278688914972,0.0,0.0,0.0,0.0,0.0,0.0,0.0
34,524.9999999418,0.0,0.0,0.0,0.0,0.0,0.0,75.00000005820003,0.0,0.0,0.0,0.0,0.0,0.0,0.0
35,564.179104477612,0.0,0.0,0.0,0.0,0.0,0.0,35.820895522388064,0.0,0.0,0.0,0.0,0.0,0.0,0.0
36,97.67441860465117,0.0,0.0,0.0,0.0,0.0,0.0,0.0,502.3255813953488,0.0,0.0,0.0,0.0,0.0,0.0
37,182.60869565217394,0.0,0.0,0.0,0.0,0.0,0.0,0.0,417.3913043478261,0.0,0.0,0.0,0.0,0.0,0.0
38,257.1428571428571,0.0,0.0,0.0,0.0,0.0,0.0,0.0,342.85714285714283,0.0,0.0,0.0,0.0,0.0,0.0
39,291.0891089108911,0.0,0.0,0.0,0.0,0.0,0.0,0.0,308.91089108910893,0.0,0.0,0.0,0.0,0.0,0.0
40,323.0769230769231,0.0,0.0,0.0,0.0,0.0,0.0,0.0,276.9230769230769,0.0,0.0,0.0,0.0,0.0,0.0
41,353.27102803738313,0.0,0.0,0.0,0.0,0.0,0.0,0.0,246.7289719626168,0.0,0.0,0.0,0.0,0.0,0.0
42,381.81818181818187,0.0,0.0,0.0,0.0,0.0,0.0,0.0,218.1818181818182,0.0,0.0,0.0,0.0,0.0,0.0
43,408.849557522124,0.0,0.0,0.0,0.0,0.0,0.0,0.0,191.15044247787606,0.0,0.0,0.0,0.0,0.0,0.0
44,434.48275870273716,0.0,0.0,0.0,0.0,0.0,0.0,0.0,165.5172412972629,0.0,0.0,0.0,0.0,0.0,0.0
45,481.9672131108503,0.0,0.0,0.0,0.0,0.0,0.0,0.0,118.03278688914972,0.0,0.0,0.0,0.0,0.0,0.0
46,524.9999999418,0.0,0.0,0.0,0.0,0.0,0.0,0.0,75.00000005820003,0.0,0.0,0.0,0.0,0.0,0.0
47,564.179104477612,0.0,0.0,0.0,0.0,0.0,0.0,0.0,35.820895522388064,0.0,0.0,0.0,0.0,0.0,0.0
48,46.15384636599424,0.0,0.0,0.0,0.0,0.0,0.0,0.0,0.0,553.8461536340058,0.0,0.0,0.0,0.0,0.0
49,94.73684210526315,0.0,0.0,0.0,0.0,0.0,0.0,0.0,0.0,505.2631578947369,0.0,0.0,0.0,0.0,0.0
50,145.94594594594594,0.0,0.0,0.0,0.0,0.0,0.0,0.0,0.0,454.054054054054,0.0,0.0,0.0,0.0,0.0
51,172.60273972602738,0.0,0.0,0.0,0.0,0.0,0.0,0.0,0.0,427.3972602739727,0.0,0.0,0.0,0.0,0.0
52,200.0,0.0,0.0,0.0,0.0,0.0,0.0,0.0,0.0,400.0,0.0,0.0,0.0,0.0,0.0
53,228.16901408450704,0.0,0.0,0.0,0.0,0.0,0.0,0.0,0.0,371.83098591549293,0.0,0.0,0.0,0.0,0.0
54,257.1428571428571,0.0,0.0,0.0,0.0,0.0,0.0,0.0,0.0,342.8571428571429,0.0,0.0,0.0,0.0,0.0
55,286.95652173913044,0.0,0.0,0.0,0.0,0.0,0.0,0.0,0.0,313.0434782608696,0.0,0.0,0.0,0.0,0.0
56,317.6470588235294,0.0,0.0,0.0,0.0,0.0,0.0,0.0,0.0,282.3529411764706,0.0,0.0,0.0,0.0,0.0
57,381.8181818181818,0.0,0.0,0.0,0.0,0.0,0.0,0.0,0.0,218.18181818181822,0.0,0.0,0.0,0.0,0.0
58,450.0000000036558,0.0,0.0,0.0,0.0,0.0,0.0,0.0,0.0,149.9999999963441,0.0,0.0,0.0,0.0,0.0
59,522.5806451613131,0.0,0.0,0.0,0.0,0.0,0.0,0.0,0.0,77.41935483868691,0.0,0.0,0.0,0.0,0.0
60,97.67441860465117,0.0,0.0,0.0,0.0,0.0,0.0,0.0,0.0,0.0,502.3255813953488,0.0,0.0,0.0,0.0
61,182.60869565217394,0.0,0.0,0.0,0.0,0.0,0.0,0.0,0.0,0.0,417.3913043478261,0.0,0.0,0.0,0.0
62,257.1428571428571,0.0,0.0,0.0,0.0,0.0,0.0,0.0,0.0,0.0,342.85714285714283,0.0,0.0,0.0,0.0
63,291.0891089108911,0.0,0.0,0.0,0.0,0.0,0.0,0.0,0.0,0.0,308.91089108910893,0.0,0.0,0.0,0.0
64,323.0769230769231,0.0,0.0,0.0,0.0,0.0,0.0,0.0,0.0,0.0,276.9230769230769,0.0,0.0,0.0,0.0
65,353.27102803738313,0.0,0.0,0.0,0.0,0.0,0.0,0.0,0.0,0.0,246.7289719626168,0.0,0.0,0.0,0.0
66,381.81818181818187,0.0,0.0,0.0,0.0,0.0,0.0,0.0,0.0,0.0,218.1818181818182,0.0,0.0,0.0,0.0
67,408.849557522124,0.0,0.0,0.0,0.0,0.0,0.0,0.0,0.0,0.0,191.15044247787606,0.0,0.0,0.0,0.0
68,434.48275870273716,0.0,0.0,0.0,0.0,0.0,0.0,0.0,0.0,0.0,165.5172412972629,0.0,0.0,0.0,0.0
69,481.9672131108503,0.0,0.0,0.0,0.0,0.0,0.0,0.0,0.0,0.0,118.03278688914972,0.0,0.0,0.0,0.0
70,524.9999999418,0.0,0.0,0.0,0.0,0.0,0.0,0.0,0.0,0.0,75.00000005820003,0.0,0.0,0.0,0.0
71,564.179104477612,0.0,0.0,0.0,0.0,0.0,0.0,0.0,0.0,0.0,35.820895522388064,0.0,0.0,0.0,0.0
72,31.578947164218,0.0,0.0,0.0,0.0,0.0,0.0,0.0,0.0,0.0,0.0,568.421052835782,0.0,0.0,0.0
73,66.6666666663464,0.0,0.0,0.0,0.0,0.0,0.0,0.0,0.0,0.0,0.0,533.3333333336536,0.0,0.0,0.0
74,105.88235320292807,0.0,0.0,0.0,0.0,0.0,0.0,0.0,0.0,0.0,0.0,494.1176467970719,0.0,0.0,0.0
75,127.27272727646378,0.0,0.0,0.0,0.0,0.0,0.0,0.0,0.0,0.0,0.0,472.7272727235362,0.0,0.0,0.0
76,150.0000000179445,0.0,0.0,0.0,0.0,0.0,0.0,0.0,0.0,0.0,0.0,449.9999999820555,0.0,0.0,0.0
77,174.19354870776291,0.0,0.0,0.0,0.0,0.0,0.0,0.0,0.0,0.0,0.0,425.80645129223717,0.0,0.0,0.0
78,199.99999999780138,0.0,0.0,0.0,0.0,0.0,0.0,0.0,0.0,0.0,0.0,400.0000000021986,0.0,0.0,0.0
79,227.58620689655172,0.0,0.0,0.0,0.0,0.0,0.0,0.0,0.0,0.0,0.0,372.41379310344826,0.0,0.0,0.0
80,257.1428567239261,0.0,0.0,0.0,0.0,0.0,0.0,0.0,0.0,0.0,0.0,342.85714327607394,0.0,0.0,0.0
81,323.07692289771063,0.0,0.0,0.0,0.0,0.0,0.0,0.0,0.0,0.0,0.0,276.9230771022893,0.0,0.0,0.0
82,400.0,0.0,0.0,0.0,0.0,0.0,0.0,0.0,0.0,0.0,0.0,200.0,0.0,0.0,0.0
83,490.90909090909093,0.0,0.0,0.0,0.0,0.0,0.0,0.0,0.0,0.0,0.0,109.09090909090911,0.0,0.0,0.0
84,60.00000000000001,0.0,0.0,0.0,0.0,0.0,0.0,0.0,0.0,0.0,0.0,0.0,540.0,0.0,0.0
85,120.0,0.0,0.0,0.0,0.0,0.0,0.0,0.0,0.0,0.0,0.0,0.0,480.0,0.0,0.0
86,180.0,0.0,0.0,0.0,0.0,0.0,0.0,0.0,0.0,0.0,0.0,0.0,420.0,0.0,0.0
87,210.0,0.0,0.0,0.0,0.0,0.0,0.0,0.0,0.0,0.0,0.0,0.0,390.0,0.0,0.0
88,239.99999999999932,0.0,0.0,0.0,0.0,0.0,0.0,0.0,0.0,0.0,0.0,0.0,360.0000000000007,0.0,0.0
89,270.00000000000097,0.0,0.0,0.0,0.0,0.0,0.0,0.0,0.0,0.0,0.0,0.0,329.99999999999903,0.0,0.0
90,300.0,0.0,0.0,0.0,0.0,0.0,0.0,0.0,0.0,0.0,0.0,0.0,300.0,0.0,0.0
91,329.9999999999998,0.0,0.0,0.0,0.0,0.0,0.0,0.0,0.0,0.0,0.0,0.0,270.0000000000003,0.0,0.0
92,360.0,0.0,0.0,0.0,0.0,0.0,0.0,0.0,0.0,0.0,0.0,0.0,240.00000000000003,0.0,0.0
93,420.0,0.0,0.0,0.0,0.0,0.0,0.0,0.0,0.0,0.0,0.0,0.0,180.0,0.0,0.0
94,480.00000000000006,0.0,0.0,0.0,0.0,0.0,0.0,0.0,0.0,0.0,0.0,0.0,120.0,0.0,0.0
95,540.0000000000001,0.0,0.0,0.0,0.0,0.0,0.0,0.0,0.0,0.0,0.0,0.0,59.999999999999936,0.0,0.0
96,46.15384636599424,0.0,0.0,0.0,0.0,0.0,0.0,0.0,0.0,0.0,0.0,0.0,0.0,553.8461536340058,0.0
97,94.73684210526315,0.0,0.0,0.0,0.0,0.0,0.0,0.0,0.0,0.0,0.0,0.0,0.0,505.2631578947369,0.0
98,145.94594594594594,0.0,0.0,0.0,0.0,0.0,0.0,0.0,0.0,0.0,0.0,0.0,0.0,454.054054054054,0.0
99,172.60273972602738,0.0,0.0,0.0,0.0,0.0,0.0,0.0,0.0,0.0,0.0,0.0,0.0,427.3972602739727,0.0
100,200.0,0.0,0.0,0.0,0.0,0.0,0.0,0.0,0.0,0.0,0.0,0.0,0.0,400.0,0.0
101,228.16901408450704,0.0,0.0,0.0,0.0,0.0,0.0,0.0,0.0,0.0,0.0,0.0,0.0,371.83098591549293,0.0
102,257.1428571428571,0.0,0.0,0.0,0.0,0.0,0.0,0.0,0.0,0.0,0.0,0.0,0.0,342.8571428571429,0.0
103,286.95652173913044,0.0,0.0,0.0,0.0,0.0,0.0,0.0,0.0,0.0,0.0,0.0,0.0,313.0434782608696,0.0
104,317.6470588235294,0.0,0.0,0.0,0.0,0.0,0.0,0.0,0.0,0.0,0.0,0.0,0.0,282.3529411764706,0.0
105,381.8181818181818,0.0,0.0,0.0,0.0,0.0,0.0,0.0,0.0,0.0,0.0,0.0,0.0,218.18181818181822,0.0
106,450.0000000036558,0.0,0.0,0.0,0.0,0.0,0.0,0.0,0.0,0.0,0.0,0.0,0.0,149.9999999963441,0.0
107,522.5806451613131,0.0,0.0,0.0,0.0,0.0,0.0,0.0,0.0,0.0,0.0,0.0,0.0,77.41935483868691,0.0
108,46.15384636599424,0.0,0.0,0.0,0.0,0.0,0.0,0.0,0.0,0.0,0.0,0.0,0.0,0.0,553.8461536340058
109,94.73684210526315,0.0,0.0,0.0,0.0,0.0,0.0,0.0,0.0,0.0,0.0,0.0,0.0,0.0,505.2631578947369
110,145.94594594594594,0.0,0.0,0.0,0.0,0.0,0.0,0.0,0.0,0.0,0.0,0.0,0.0,0.0,454.054054054054
111,172.60273972602738,0.0,0.0,0.0,0.0,0.0,0.0,0.0,0.0,0.0,0.0,0.0,0.0,0.0,427.3972602739727
112,200.0,0.0,0.0,0.0,0.0,0.0,0.0,0.0,0.0,0.0,0.0,0.0,0.0,0.0,400.0
113,228.16901408450704,0.0,0.0,0.0,0.0,0.0,0.0,0.0,0.0,0.0,0.0,0.0,0.0,0.0,371.83098591549293
114,257.1428571428571,0.0,0.0,0.0,0.0,0.0,0.0,0.0,0.0,0.0,0.0,0.0,0.0,0.0,342.8571428571429
115,286.95652173913044,0.0,0.0,0.0,0.0,0.0,0.0,0.0,0.0,0.0,0.0,0.0,0.0,0.0,313.0434782608696
116,317.6470588235294,0.0,0.0,0.0,0.0,0.0,0.0,0.0,0.0,0.0,0.0,0.0,0.0,0.0,282.3529411764706
117,381.8181818181818,0.0,0.0,0.0,0.0,0.0,0.0,0.0,0.0,0.0,0.0,0.0,0.0,0.0,218.18181818181822
118,450.0000000036558,0.0,0.0,0.0,0.0,0.0,0.0,0.0,0.0,0.0,0.0,0.0,0.0,0.0,149.9999999963441
119,522.5806451613131,0.0,0.0,0.0,0.0,0.0,0.0,0.0,0.0,0.0,0.0,0.0,0.0,0.0,77.41935483868691
120,0.0,97.67441860465117,0.0,0.0,0.0,502.3255813953488,0.0,0.0,0.0,0.0,0.0,0.0,0.0,0.0,0.0
121,0.0,182.60869565217394,0.0,0.0,0.0,417.3913043478261,0.0,0.0,0.0,0.0,0.0,0.0,0.0,0.0,0.0
122,0.0,257.1428571428571,0.0,0.0,0.0,342.85714285714283,0.0,0.0,0.0,0.0,0.0,0.0,0.0,0.0,0.0
123,0.0,291.0891089108911,0.0,0.0,0.0,308.91089108910893,0.0,0.0,0.0,0.0,0.0,0.0,0.0,0.0,0.0
124,0.0,323.0769230769231,0.0,0.0,0.0,276.9230769230769,0.0,0.0,0.0,0.0,0.0,0.0,0.0,0.0,0.0
125,0.0,353.27102803738313,0.0,0.0,0.0,246.7289719626168,0.0,0.0,0.0,0.0,0.0,0.0,0.0,0.0,0.0
126,0.0,381.81818181818187,0.0,0.0,0.0,218.1818181818182,0.0,0.0,0.0,0.0,0.0,0.0,0.0,0.0,0.0
127,0.0,408.849557522124,0.0,0.0,0.0,191.15044247787606,0.0,0.0,0.0,0.0,0.0,0.0,0.0,0.0,0.0
128,0.0,434.48275870273716,0.0,0.0,0.0,165.5172412972629,0.0,0.0,0.0,0.0,0.0,0.0,0.0,0.0,0.0
129,0.0,481.9672131108503,0.0,0.0,0.0,118.03278688914972,0.0,0.0,0.0,0.0,0.0,0.0,0.0,0.0,0.0
130,0.0,524.9999999418,0.0,0.0,0.0,75.00000005820003,0.0,0.0,0.0,0.0,0.0,0.0,0.0,0.0,0.0
131,0.0,564.179104477612,0.0,0.0,0.0,35.820895522388064,0.0,0.0,0.0,0.0,0.0,0.0,0.0,0.0,0.0
132,0.0,97.67441860465117,0.0,0.0,0.0,0.0,502.3255813953488,0.0,0.0,0.0,0.0,0.0,0.0,0.0,0.0
133,0.0,182.60869565217394,0.0,0.0,0.0,0.0,417.3913043478261,0.0,0.0,0.0,0.0,0.0,0.0,0.0,0.0
134,0.0,257.1428571428571,0.0,0.0,0.0,0.0,342.85714285714283,0.0,0.0,0.0,0.0,0.0,0.0,0.0,0.0
135,0.0,291.0891089108911,0.0,0.0,0.0,0.0,308.91089108910893,0.0,0.0,0.0,0.0,0.0,0.0,0.0,0.0
136,0.0,323.0769230769231,0.0,0.0,0.0,0.0,276.9230769230769,0.0,0.0,0.0,0.0,0.0,0.0,0.0,0.0
137,0.0,353.27102803738313,0.0,0.0,0.0,0.0,246.7289719626168,0.0,0.0,0.0,0.0,0.0,0.0,0.0,0.0
138,0.0,381.81818181818187,0.0,0.0,0.0,0.0,218.1818181818182,0.0,0.0,0.0,0.0,0.0,0.0,0.0,0.0
139,0.0,408.849557522124,0.0,0.0,0.0,0.0,191.15044247787606,0.0,0.0,0.0,0.0,0.0,0.0,0.0,0.0
140,0.0,434.48275870273716,0.0,0.0,0.0,0.0,165.5172412972629,0.0,0.0,0.0,0.0,0.0,0.0,0.0,0.0
141,0.0,481.9672131108503,0.0,0.0,0.0,0.0,118.03278688914972,0.0,0.0,0.0,0.0,0.0,0.0,0.0,0.0
142,0.0,524.9999999418,0.0,0.0,0.0,0.0,75.00000005820003,0.0,0.0,0.0,0.0,0.0,0.0,0.0,0.0
143,0.0,564.179104477612,0.0,0.0,0.0,0.0,35.820895522388064,0.0,0.0,0.0,0.0,0.0,0.0,0.0,0.0
144,0.0,97.67441860465117,0.0,0.0,0.0,0.0,0.0,502.3255813953488,0.0,0.0,0.0,0.0,0.0,0.0,0.0
145,0.0,182.60869565217394,0.0,0.0,0.0,0.0,0.0,417.3913043478261,0.0,0.0,0.0,0.0,0.0,0.0,0.0
146,0.0,257.1428571428571,0.0,0.0,0.0,0.0,0.0,342.85714285714283,0.0,0.0,0.0,0.0,0.0,0.0,0.0
147,0.0,291.0891089108911,0.0,0.0,0.0,0.0,0.0,308.91089108910893,0.0,0.0,0.0,0.0,0.0,0.0,0.0
148,0.0,323.0769230769231,0.0,0.0,0.0,0.0,0.0,276.9230769230769,0.0,0.0,0.0,0.0,0.0,0.0,0.0
149,0.0,353.27102803738313,0.0,0.0,0.0,0.0,0.0,246.7289719626168,0.0,0.0,0.0,0.0,0.0,0.0,0.0
150,0.0,381.81818181818187,0.0,0.0,0.0,0.0,0.0,218.1818181818182,0.0,0.0,0.0,0.0,0.0,0.0,0.0
151,0.0,408.849557522124,0.0,0.0,0.0,0.0,0.0,191.15044247787606,0.0,0.0,0.0,0.0,0.0,0.0,0.0
152,0.0,434.48275870273716,0.0,0.0,0.0,0.0,0.0,165.5172412972629,0.0,0.0,0.0,0.0,0.0,0.0,0.0
153,0.0,481.9672131108503,0.0,0.0,0.0,0.0,0.0,118.03278688914972,0.0,0.0,0.0,0.0,0.0,0.0,0.0
154,0.0,524.9999999418,0.0,0.0,0.0,0.0,0.0,75.00000005820003,0.0,0.0,0.0,0.0,0.0,0.0,0.0
155,0.0,564.179104477612,0.0,0.0,0.0,0.0,0.0,35.820895522388064,0.0,0.0,0.0,0.0,0.0,0.0,0.0
156,0.0,97.67441860465117,0.0,0.0,0.0,0.0,0.0,0.0,502.3255813953488,0.0,0.0,0.0,0.0,0.0,0.0
157,0.0,182.60869565217394,0.0,0.0,0.0,0.0,0.0,0.0,417.3913043478261,0.0,0.0,0.0,0.0,0.0,0.0
158,0.0,257.1428571428571,0.0,0.0,0.0,0.0,0.0,0.0,342.85714285714283,0.0,0.0,0.0,0.0,0.0,0.0
159,0.0,291.0891089108911,0.0,0.0,0.0,0.0,0.0,0.0,308.91089108910893,0.0,0.0,0.0,0.0,0.0,0.0
160,0.0,323.0769230769231,0.0,0.0,0.0,0.0,0.0,0.0,276.9230769230769,0.0,0.0,0.0,0.0,0.0,0.0
161,0.0,353.27102803738313,0.0,0.0,0.0,0.0,0.0,0.0,246.7289719626168,0.0,0.0,0.0,0.0,0.0,0.0
162,0.0,381.81818181818187,0.0,0.0,0.0,0.0,0.0,0.0,218.1818181818182,0.0,0.0,0.0,0.0,0.0,0.0
163,0.0,408.849557522124,0.0,0.0,0.0,0.0,0.0,0.0,191.15044247787606,0.0,0.0,0.0,0.0,0.0,0.0
164,0.0,434.48275870273716,0.0,0.0,0.0,0.0,0.0,0.0,165.5172412972629,0.0,0.0,0.0,0.0,0.0,0.0
165,0.0,481.9672131108503,0.0,0.0,0.0,0.0,0.0,0.0,118.03278688914972,0.0,0.0,0.0,0.0,0.0,0.0
166,0.0,524.9999999418,0.0,0.0,0.0,0.0,0.0,0.0,75.00000005820003,0.0,0.0,0.0,0.0,0.0,0.0
167,0.0,564.179104477612,0.0,0.0,0.0,0.0,0.0,0.0,35.820895522388064,0.0,0.0,0.0,0.0,0.0,0.0
168,0.0,46.15384636599424,0.0,0.0,0.0,0.0,0.0,0.0,0.0,553.8461536340058,0.0,0.0,0.0,0.0,0.0
169,0.0,94.73684210526315,0.0,0.0,0.0,0.0,0.0,0.0,0.0,505.2631578947369,0.0,0.0,0.0,0.0,0.0
170,0.0,145.94594594594594,0.0,0.0,0.0,0.0,0.0,0.0,0.0,454.054054054054,0.0,0.0,0.0,0.0,0.0
171,0.0,172.60273972602738,0.0,0.0,0.0,0.0,0.0,0.0,0.0,427.3972602739727,0.0,0.0,0.0,0.0,0.0
172,0.0,200.0,0.0,0.0,0.0,0.0,0.0,0.0,0.0,400.0,0.0,0.0,0.0,0.0,0.0
173,0.0,228.16901408450704,0.0,0.0,0.0,0.0,0.0,0.0,0.0,371.83098591549293,0.0,0.0,0.0,0.0,0.0
174,0.0,257.1428571428571,0.0,0.0,0.0,0.0,0.0,0.0,0.0,342.8571428571429,0.0,0.0,0.0,0.0,0.0
175,0.0,286.95652173913044,0.0,0.0,0.0,0.0,0.0,0.0,0.0,313.0434782608696,0.0,0.0,0.0,0.0,0.0
176,0.0,317.6470588235294,0.0,0.0,0.0,0.0,0.0,0.0,0.0,282.3529411764706,0.0,0.0,0.0,0.0,0.0
177,0.0,381.8181818181818,0.0,0.0,0.0,0.0,0.0,0.0,0.0,218.18181818181822,0.0,0.0,0.0,0.0,0.0
178,0.0,450.0000000036558,0.0,0.0,0.0,0.0,0.0,0.0,0.0,149.9999999963441,0.0,0.0,0.0,0.0,0.0
179,0.0,522.5806451613131,0.0,0.0,0.0,0.0,0.0,0.0,0.0,77.41935483868691,0.0,0.0,0.0,0.0,0.0
180,0.0,97.67441860465117,0.0,0.0,0.0,0.0,0.0,0.0,0.0,0.0,502.3255813953488,0.0,0.0,0.0,0.0
181,0.0,182.60869565217394,0.0,0.0,0.0,0.0,0.0,0.0,0.0,0.0,417.3913043478261,0.0,0.0,0.0,0.0
182,0.0,257.1428571428571,0.0,0.0,0.0,0.0,0.0,0.0,0.0,0.0,342.85714285714283,0.0,0.0,0.0,0.0
183,0.0,291.0891089108911,0.0,0.0,0.0,0.0,0.0,0.0,0.0,0.0,308.91089108910893,0.0,0.0,0.0,0.0
184,0.0,323.0769230769231,0.0,0.0,0.0,0.0,0.0,0.0,0.0,0.0,276.9230769230769,0.0,0.0,0.0,0.0
185,0.0,353.27102803738313,0.0,0.0,0.0,0.0,0.0,0.0,0.0,0.0,246.7289719626168,0.0,0.0,0.0,0.0
186,0.0,381.81818181818187,0.0,0.0,0.0,0.0,0.0,0.0,0.0,0.0,218.1818181818182,0.0,0.0,0.0,0.0
187,0.0,408.849557522124,0.0,0.0,0.0,0.0,0.0,0.0,0.0,0.0,191.15044247787606,0.0,0.0,0.0,0.0
188,0.0,434.48275870273716,0.0,0.0,0.0,0.0,0.0,0.0,0.0,0.0,165.5172412972629,0.0,0.0,0.0,0.0
189,0.0,481.9672131108503,0.0,0.0,0.0,0.0,0.0,0.0,0.0,0.0,118.03278688914972,0.0,0.0,0.0,0.0
190,0.0,524.9999999418,0.0,0.0,0.0,0.0,0.0,0.0,0.0,0.0,75.00000005820003,0.0,0.0,0.0,0.0
191,0.0,564.179104477612,0.0,0.0,0.0,0.0,0.0,0.0,0.0,0.0,35.820895522388064,0.0,0.0,0.0,0.0
192,0.0,31.578947164218,0.0,0.0,0.0,0.0,0.0,0.0,0.0,0.0,0.0,568.421052835782,0.0,0.0,0.0
193,0.0,66.6666666663464,0.0,0.0,0.0,0.0,0.0,0.0,0.0,0.0,0.0,533.3333333336536,0.0,0.0,0.0
194,0.0,105.88235320292807,0.0,0.0,0.0,0.0,0.0,0.0,0.0,0.0,0.0,494.1176467970719,0.0,0.0,0.0
195,0.0,127.27272727646378,0.0,0.0,0.0,0.0,0.0,0.0,0.0,0.0,0.0,472.7272727235362,0.0,0.0,0.0
196,0.0,150.0000000179445,0.0,0.0,0.0,0.0,0.0,0.0,0.0,0.0,0.0,449.9999999820555,0.0,0.0,0.0
197,0.0,174.19354870776291,0.0,0.0,0.0,0.0,0.0,0.0,0.0,0.0,0.0,425.80645129223717,0.0,0.0,0.0
198,0.0,199.99999999780138,0.0,0.0,0.0,0.0,0.0,0.0,0.0,0.0,0.0,400.0000000021986,0.0,0.0,0.0
199,0.0,227.58620689655172,0.0,0.0,0.0,0.0,0.0,0.0,0.0,0.0,0.0,372.41379310344826,0.0,0.0,0.0
200,0.0,257.1428567239261,0.0,0.0,0.0,0.0,0.0,0.0,0.0,0.0,0.0,342.85714327607394,0.0,0.0,0.0
201,0.0,323.07692289771063,0.0,0.0,0.0,0.0,0.0,0.0,0.0,0.0,0.0,276.9230771022893,0.0,0.0,0.0
202,0.0,400.0,0.0,0.0,0.0,0.0,0.0,0.0,0.0,0.0,0.0,200.0,0.0,0.0,0.0
203,0.0,490.90909090909093,0.0,0.0,0.0,0.0,0.0,0.0,0.0,0.0,0.0,109.09090909090911,0.0,0.0,0.0
204,0.0,60.00000000000001,0.0,0.0,0.0,0.0,0.0,0.0,0.0,0.0,0.0,0.0,540.0,0.0,0.0
205,0.0,120.0,0.0,0.0,0.0,0.0,0.0,0.0,0.0,0.0,0.0,0.0,480.0,0.0,0.0
206,0.0,180.0,0.0,0.0,0.0,0.0,0.0,0.0,0.0,0.0,0.0,0.0,420.0,0.0,0.0
207,0.0,210.0,0.0,0.0,0.0,0.0,0.0,0.0,0.0,0.0,0.0,0.0,390.0,0.0,0.0
208,0.0,239.99999999999932,0.0,0.0,0.0,0.0,0.0,0.0,0.0,0.0,0.0,0.0,360.0000000000007,0.0,0.0
209,0.0,270.00000000000097,0.0,0.0,0.0,0.0,0.0,0.0,0.0,0.0,0.0,0.0,329.99999999999903,0.0,0.0
210,0.0,300.0,0.0,0.0,0.0,0.0,0.0,0.0,0.0,0.0,0.0,0.0,300.0,0.0,0.0
211,0.0,329.9999999999998,0.0,0.0,0.0,0.0,0.0,0.0,0.0,0.0,0.0,0.0,270.0000000000003,0.0,0.0
212,0.0,360.0,0.0,0.0,0.0,0.0,0.0,0.0,0.0,0.0,0.0,0.0,240.00000000000003,0.0,0.0
213,0.0,420.0,0.0,0.0,0.0,0.0,0.0,0.0,0.0,0.0,0.0,0.0,180.0,0.0,0.0
214,0.0,480.00000000000006,0.0,0.0,0.0,0.0,0.0,0.0,0.0,0.0,0.0,0.0,120.0,0.0,0.0
215,0.0,540.0000000000001,0.0,0.0,0.0,0.0,0.0,0.0,0.0,0.0,0.0,0.0,59.999999999999936,0.0,0.0
216,0.0,46.15384636599424,0.0,0.0,0.0,0.0,0.0,0.0,0.0,0.0,0.0,0.0,0.0,553.8461536340058,0.0
217,0.0,94.73684210526315,0.0,0.0,0.0,0.0,0.0,0.0,0.0,0.0,0.0,0.0,0.0,505.2631578947369,0.0
218,0.0,145.94594594594594,0.0,0.0,0.0,0.0,0.0,0.0,0.0,0.0,0.0,0.0,0.0,454.054054054054,0.0
219,0.0,172.60273972602738,0.0,0.0,0.0,0.0,0.0,0.0,0.0,0.0,0.0,0.0,0.0,427.3972602739727,0.0
220,0.0,200.0,0.0,0.0,0.0,0.0,0.0,0.0,0.0,0.0,0.0,0.0,0.0,400.0,0.0
221,0.0,228.16901408450704,0.0,0.0,0.0,0.0,0.0,0.0,0.0,0.0,0.0,0.0,0.0,371.83098591549293,0.0
222,0.0,257.1428571428571,0.0,0.0,0.0,0.0,0.0,0.0,0.0,0.0,0.0,0.0,0.0,342.8571428571429,0.0
223,0.0,286.95652173913044,0.0,0.0,0.0,0.0,0.0,0.0,0.0,0.0,0.0,0.0,0.0,313.0434782608696,0.0
224,0.0,317.6470588235294,0.0,0.0,0.0,0.0,0.0,0.0,0.0,0.0,0.0,0.0,0.0,282.3529411764706,0.0
225,0.0,381.8181818181818,0.0,0.0,0.0,0.0,0.0,0.0,0.0,0.0,0.0,0.0,0.0,218.18181818181822,0.0
226,0.0,450.0000000036558,0.0,0.0,0.0,0.0,0.0,0.0,0.0,0.0,0.0,0.0,0.0,149.9999999963441,0.0
227,0.0,522.5806451613131,0.0,0.0,0.0,0.0,0.0,0.0,0.0,0.0,0.0,0.0,0.0,77.41935483868691,0.0
228,0.0,46.15384636599424,0.0,0.0,0.0,0.0,0.0,0.0,0.0,0.0,0.0,0.0,0.0,0.0,553.8461536340058
229,0.0,94.73684210526315,0.0,0.0,0.0,0.0,0.0,0.0,0.0,0.0,0.0,0.0,0.0,0.0,505.2631578947369
230,0.0,145.94594594594594,0.0,0.0,0.0,0.0,0.0,0.0,0.0,0.0,0.0,0.0,0.0,0.0,454.054054054054
231,0.0,172.60273972602738,0.0,0.0,0.0,0.0,0.0,0.0,0.0,0.0,0.0,0.0,0.0,0.0,427.3972602739727
232,0.0,200.0,0.0,0.0,0.0,0.0,0.0,0.0,0.0,0.0,0.0,0.0,0.0,0.0,400.0
233,0.0,228.16901408450704,0.0,0.0,0.0,0.0,0.0,0.0,0.0,0.0,0.0,0.0,0.0,0.0,371.83098591549293
234,0.0,257.1428571428571,0.0,0.0,0.0,0.0,0.0,0.0,0.0,0.0,0.0,0.0,0.0,0.0,342.8571428571429
235,0.0,286.95652173913044,0.0,0.0,0.0,0.0,0.0,0.0,0.0,0.0,0.0,0.0,0.0,0.0,313.0434782608696
236,0.0,317.6470588235294,0.0,0.0,0.0,0.0,0.0,0.0,0.0,0.0,0.0,0.0,0.0,0.0,282.3529411764706
237,0.0,381.8181818181818,0.0,0.0,0.0,0.0,0.0,0.0,0.0,0.0,0.0,0.0,0.0,0.0,218.18181818181822
238,0.0,450.0000000036558,0.0,0.0,0.0,0.0,0.0,0.0,0.0,0.0,0.0,0.0,0.0,0.0,149.9999999963441
239,0.0,522.5806451613131,0.0,0.0,0.0,0.0,0.0,0.0,0.0,0.0,0.0,0.0,0.0,0.0,77.41935483868691
240,0.0,0.0,123.52941152528469,0.0,0.0,476.47058847471527,0.0,0.0,0.0,0.0,0.0,0.0,0.0,0.0,0.0
241,0.0,0.0,221.0526315789474,0.0,0.0,378.9473684210526,0.0,0.0,0.0,0.0,0.0,0.0,0.0,0.0,0.0
242,0.0,0.0,300.00000000015433,0.0,0.0,299.9999999998457,0.0,0.0,0.0,0.0,0.0,0.0,0.0,0.0,0.0
243,0.0,0.0,334.09090975327655,0.0,0.0,265.9090902467234,0.0,0.0,0.0,0.0,0.0,0.0,0.0,0.0,0.0
244,0.0,0.0,365.2173913043469,0.0,0.0,234.78260869565318,0.0,0.0,0.0,0.0,0.0,0.0,0.0,0.0,0.0
245,0.0,0.0,393.74999982389465,0.0,0.0,206.25000017610535,0.0,0.0,0.0,0.0,0.0,0.0,0.0,0.0,0.0
246,0.0,0.0,420.0,0.0,0.0,180.00000000000003,0.0,0.0,0.0,0.0,0.0,0.0,0.0,0.0,0.0
247,0.0,0.0,444.2307692307804,0.0,0.0,155.76923076921952,0.0,0.0,0.0,0.0,0.0,0.0,0.0,0.0,0.0
248,0.0,0.0,466.66666687733994,0.0,0.0,133.3333331226601,0.0,0.0,0.0,0.0,0.0,0.0,0.0,0.0,0.0
249,0.0,0.0,506.896550874243,0.0,0.0,93.10344912575691,0.0,0.0,0.0,0.0,0.0,0.0,0.0,0.0,0.0
250,0.0,0.0,541.9354838709678,0.0,0.0,58.06451612903226,0.0,0.0,0.0,0.0,0.0,0.0,0.0,0.0,0.0
251,0.0,0.0,572.7272726873495,0.0,0.0,27.27272731265056,0.0,0.0,0.0,0.0,0.0,0.0,0.0,0.0,0.0
252,0.0,0.0,123.52941152528469,0.0,0.0,0.0,476.47058847471527,0.0,0.0,0.0,0.0,0.0,0.0,0.0,0.0
253,0.0,0.0,221.0526315789474,0.0,0.0,0.0,378.9473684210526,0.0,0.0,0.0,0.0,0.0,0.0,0.0,0.0
254,0.0,0.0,300.00000000015433,0.0,0.0,0.0,299.9999999998457,0.0,0.0,0.0,0.0,0.0,0.0,0.0,0.0
255,0.0,0.0,334.09090975327655,0.0,0.0,0.0,265.9090902467234,0.0,0.0,0.0,0.0,0.0,0.0,0.0,0.0
256,0.0,0.0,365.2173913043469,0.0,0.0,0.0,234.78260869565318,0.0,0.0,0.0,0.0,0.0,0.0,0.0,0.0
257,0.0,0.0,393.74999982389465,0.0,0.0,0.0,206.25000017610535,0.0,0.0,0.0,0.0,0.0,0.0,0.0,0.0
258,0.0,0.0,420.0,0.0,0.0,0.0,180.00000000000003,0.0,0.0,0.0,0.0,0.0,0.0,0.0,0.0
259,0.0,0.0,444.2307692307804,0.0,0.0,0.0,155.76923076921952,0.0,0.0,0.0,0.0,0.0,0.0,0.0,0.0
260,0.0,0.0,466.66666687733994,0.0,0.0,0.0,133.3333331226601,0.0,0.0,0.0,0.0,0.0,0.0,0.0,0.0
261,0.0,0.0,506.896550874243,0.0,0.0,0.0,93.10344912575691,0.0,0.0,0.0,0.0,0.0,0.0,0.0,0.0
262,0.0,0.0,541.9354838709678,0.0,0.0,0.0,58.06451612903226,0.0,0.0,0.0,0.0,0.0,0.0,0.0,0.0
263,0.0,0.0,572.7272726873495,0.0,0.0,0.0,27.27272731265056,0.0,0.0,0.0,0.0,0.0,0.0,0.0,0.0
264,0.0,0.0,123.52941152528469,0.0,0.0,0.0,0.0,476.47058847471527,0.0,0.0,0.0,0.0,0.0,0.0,0.0
265,0.0,0.0,221.0526315789474,0.0,0.0,0.0,0.0,378.9473684210526,0.0,0.0,0.0,0.0,0.0,0.0,0.0
266,0.0,0.0,300.00000000015433,0.0,0.0,0.0,0.0,299.9999999998457,0.0,0.0,0.0,0.0,0.0,0.0,0.0
267,0.0,0.0,334.09090975327655,0.0,0.0,0.0,0.0,265.9090902467234,0.0,0.0,0.0,0.0,0.0,0.0,0.0
268,0.0,0.0,365.2173913043469,0.0,0.0,0.0,0.0,234.78260869565318,0.0,0.0,0.0,0.0,0.0,0.0,0.0
269,0.0,0.0,393.74999982389465,0.0,0.0,0.0,0.0,206.25000017610535,0.0,0.0,0.0,0.0,0.0,0.0,0.0
270,0.0,0.0,420.0,0.0,0.0,0.0,0.0,180.00000000000003,0.0,0.0,0.0,0.0,0.0,0.0,0.0
271,0.0,0.0,444.2307692307804,0.0,0.0,0.0,0.0,155.76923076921952,0.0,0.0,0.0,0.0,0.0,0.0,0.0
272,0.0,0.0,466.66666687733994,0.0,0.0,0.0,0.0,133.3333331226601,0.0,0.0,0.0,0.0,0.0,0.0,0.0
273,0.0,0.0,506.896550874243,0.0,0.0,0.0,0.0,93.10344912575691,0.0,0.0,0.0,0.0,0.0,0.0,0.0
274,0.0,0.0,541.9354838709678,0.0,0.0,0.0,0.0,58.06451612903226,0.0,0.0,0.0,0.0,0.0,0.0,0.0
275,0.0,0.0,572.7272726873495,0.0,0.0,0.0,0.0,27.27272731265056,0.0,0.0,0.0,0.0,0.0,0.0,0.0
276,0.0,0.0,123.52941152528469,0.0,0.0,0.0,0.0,0.0,476.47058847471527,0.0,0.0,0.0,0.0,0.0,0.0
277,0.0,0.0,221.0526315789474,0.0,0.0,0.0,0.0,0.0,378.9473684210526,0.0,0.0,0.0,0.0,0.0,0.0
278,0.0,0.0,300.00000000015433,0.0,0.0,0.0,0.0,0.0,299.9999999998457,0.0,0.0,0.0,0.0,0.0,0.0
279,0.0,0.0,334.09090975327655,0.0,0.0,0.0,0.0,0.0,265.9090902467234,0.0,0.0,0.0,0.0,0.0,0.0
280,0.0,0.0,365.2173913043469,0.0,0.0,0.0,0.0,0.0,234.78260869565318,0.0,0.0,0.0,0.0,0.0,0.0
281,0.0,0.0,393.74999982389465,0.0,0.0,0.0,0.0,0.0,206.25000017610535,0.0,0.0,0.0,0.0,0.0,0.0
282,0.0,0.0,420.0,0.0,0.0,0.0,0.0,0.0,180.00000000000003,0.0,0.0,0.0,0.0,0.0,0.0
283,0.0,0.0,444.2307692307804,0.0,0.0,0.0,0.0,0.0,155.76923076921952,0.0,0.0,0.0,0.0,0.0,0.0
284,0.0,0.0,466.66666687733994,0.0,0.0,0.0,0.0,0.0,133.3333331226601,0.0,0.0,0.0,0.0,0.0,0.0
285,0.0,0.0,506.896550874243,0.0,0.0,0.0,0.0,0.0,93.10344912575691,0.0,0.0,0.0,0.0,0.0,0.0
286,0.0,0.0,541.9354838709678,0.0,0.0,0.0,0.0,0.0,58.06451612903226,0.0,0.0,0.0,0.0,0.0,0.0
287,0.0,0.0,572.7272726873495,0.0,0.0,0.0,0.0,0.0,27.27272731265056,0.0,0.0,0.0,0.0,0.0,0.0
288,0.0,0.0,59.99999999999966,0.0,0.0,0.0,0.0,0.0,0.0,540.0000000000003,0.0,0.0,0.0,0.0,0.0
289,0.0,0.0,120.0,0.0,0.0,0.0,0.0,0.0,0.0,480.0,0.0,0.0,0.0,0.0,0.0
290,0.0,0.0,179.99999999999926,0.0,0.0,0.0,0.0,0.0,0.0,420.0000000000008,0.0,0.0,0.0,0.0,0.0
291,0.0,0.0,209.99999999999997,0.0,0.0,0.0,0.0,0.0,0.0,390.0,0.0,0.0,0.0,0.0,0.0
292,0.0,0.0,240.00000000000003,0.0,0.0,0.0,0.0,0.0,0.0,359.99999999999994,0.0,0.0,0.0,0.0,0.0
293,0.0,0.0,269.9999999889081,0.0,0.0,0.0,0.0,0.0,0.0,330.0000000110919,0.0,0.0,0.0,0.0,0.0
294,0.0,0.0,300.0,0.0,0.0,0.0,0.0,0.0,0.0,300.0,0.0,0.0,0.0,0.0,0.0
295,0.0,0.0,329.99999999997453,0.0,0.0,0.0,0.0,0.0,0.0,270.00000000002547,0.0,0.0,0.0,0.0,0.0
296,0.0,0.0,360.0,0.0,0.0,0.0,0.0,0.0,0.0,240.0,0.0,0.0,0.0,0.0,0.0
297,0.0,0.0,420.0,0.0,0.0,0.0,0.0,0.0,0.0,180.0,0.0,0.0,0.0,0.0,0.0
298,0.0,0.0,480.0,0.0,0.0,0.0,0.0,0.0,0.0,120.0,0.0,0.0,0.0,0.0,0.0
299,0.0,0.0,540.0,0.0,0.0,0.0,0.0,0.0,0.0,60.00000000000002,0.0,0.0,0.0,0.0,0.0
300,0.0,0.0,123.52941152528469,0.0,0.0,0.0,0.0,0.0,0.0,0.0,476.47058847471527,0.0,0.0,0.0,0.0
301,0.0,0.0,221.0526315789474,0.0,0.0,0.0,0.0,0.0,0.0,0.0,378.9473684210526,0.0,0.0,0.0,0.0
302,0.0,0.0,300.00000000015433,0.0,0.0,0.0,0.0,0.0,0.0,0.0,299.9999999998457,0.0,0.0,0.0,0.0
303,0.0,0.0,334.09090975327655,0.0,0.0,0.0,0.0,0.0,0.0,0.0,265.9090902467234,0.0,0.0,0.0,0.0
304,0.0,0.0,365.2173913043469,0.0,0.0,0.0,0.0,0.0,0.0,0.0,234.78260869565318,0.0,0.0,0.0,0.0
305,0.0,0.0,393.74999982389465,0.0,0.0,0.0,0.0,0.0,0.0,0.0,206.25000017610535,0.0,0.0,0.0,0.0
306,0.0,0.0,420.0,0.0,0.0,0.0,0.0,0.0,0.0,0.0,180.00000000000003,0.0,0.0,0.0,0.0
307,0.0,0.0,444.2307692307804,0.0,0.0,0.0,0.0,0.0,0.0,0.0,155.76923076921952,0.0,0.0,0.0,0.0
308,0.0,0.0,466.66666687733994,0.0,0.0,0.0,0.0,0.0,0.0,0.0,133.3333331226601,0.0,0.0,0.0,0.0
309,0.0,0.0,506.896550874243,0.0,0.0,0.0,0.0,0.0,0.0,0.0,93.10344912575691,0.0,0.0,0.0,0.0
310,0.0,0.0,541.9354838709678,0.0,0.0,0.0,0.0,0.0,0.0,0.0,58.06451612903226,0.0,0.0,0.0,0.0
311,0.0,0.0,572.7272726873495,0.0,0.0,0.0,0.0,0.0,0.0,0.0,27.27272731265056,0.0,0.0,0.0,0.0
312,0.0,0.0,41.37931034482759,0.0,0.0,0.0,0.0,0.0,0.0,0.0,0.0,558.6206896551724,0.0,0.0,0.0
313,0.0,0.0,85.71428571428572,0.0,0.0,0.0,0.0,0.0,0.0,0.0,0.0,514.2857142857143,0.0,0.0,0.0
314,0.0,0.0,133.33333333364965,0.0,0.0,0.0,0.0,0.0,0.0,0.0,0.0,466.66666666635035,0.0,0.0,0.0
315,0.0,0.0,158.49056603773792,0.0,0.0,0.0,0.0,0.0,0.0,0.0,0.0,441.5094339622621,0.0,0.0,0.0
316,0.0,0.0,184.61538461538498,0.0,0.0,0.0,0.0,0.0,0.0,0.0,0.0,415.384615384615,0.0,0.0,0.0
317,0.0,0.0,211.76470588235293,0.0,0.0,0.0,0.0,0.0,0.0,0.0,0.0,388.235294117647,0.0,0.0,0.0
318,0.0,0.0,239.99999999856632,0.0,0.0,0.0,0.0,0.0,0.0,0.0,0.0,360.00000000143365,0.0,0.0,0.0
319,0.0,0.0,269.38775510203885,0.0,0.0,0.0,0.0,0.0,0.0,0.0,0.0,330.61224489796115,0.0,0.0,0.0
320,0.0,0.0,299.9999999999107,0.0,0.0,0.0,0.0,0.0,0.0,0.0,0.0,300.0000000000893,0.0,0.0,0.0
321,0.0,0.0,365.2173913037849,0.0,0.0,0.0,0.0,0.0,0.0,0.0,0.0,234.78260869621514,0.0,0.0,0.0
322,0.0,0.0,436.36363636379855,0.0,0.0,0.0,0.0,0.0,0.0,0.0,0.0,163.63636363620154,0.0,0.0,0.0
323,0.0,0.0,514.2857172130431,0.0,0.0,0.0,0.0,0.0,0.0,0.0,0.0,85.71428278695697,0.0,0.0,0.0
324,0.0,0.0,77.41935483870446,0.0,0.0,0.0,0.0,0.0,0.0,0.0,0.0,0.0,522.5806451612955,0.0,0.0
325,0.0,0.0,150.0,0.0,0.0,0.0,0.0,0.0,0.0,0.0,0.0,0.0,450.0,0.0,0.0
326,0.0,0.0,218.18181818181822,0.0,0.0,0.0,0.0,0.0,0.0,0.0,0.0,0.0,381.8181818181818,0.0,0.0
327,0.0,0.0,250.74626865475145,0.0,0.0,0.0,0.0,0.0,0.0,0.0,0.0,0.0,349.2537313452485,0.0,0.0
328,0.0,0.0,282.3529411764706,0.0,0.0,0.0,0.0,0.0,0.0,0.0,0.0,0.0,317.6470588235294,0.0,0.0
329,0.0,0.0,313.0434782985328,0.0,0.0,0.0,0.0,0.0,0.0,0.0,0.0,0.0,286.9565217014672,0.0,0.0
330,0.0,0.0,342.8571428571429,0.0,0.0,0.0,0.0,0.0,0.0,0.0,0.0,0.0,257.1428571428571,0.0,0.0
331,0.0,0.0,371.830985915493,0.0,0.0,0.0,0.0,0.0,0.0,0.0,0.0,0.0,228.16901408450707,0.0,0.0
332,0.0,0.0,400.0,0.0,0.0,0.0,0.0,0.0,0.0,0.0,0.0,0.0,200.0,0.0,0.0
333,0.0,0.0,454.05405405405406,0.0,0.0,0.0,0.0,0.0,0.0,0.0,0.0,0.0,145.94594594594594,0.0,0.0
334,0.0,0.0,505.2631578947369,0.0,0.0,0.0,0.0,0.0,0.0,0.0,0.0,0.0,94.73684210526316,0.0,0.0
335,0.0,0.0,553.8461538461538,0.0,0.0,0.0,0.0,0.0,0.0,0.0,0.0,0.0,46.15384615384616,0.0,0.0
336,0.0,0.0,59.99999999999966,0.0,0.0,0.0,0.0,0.0,0.0,0.0,0.0,0.0,0.0,540.0000000000003,0.0
337,0.0,0.0,120.0,0.0,0.0,0.0,0.0,0.0,0.0,0.0,0.0,0.0,0.0,480.0,0.0
338,0.0,0.0,179.99999999999926,0.0,0.0,0.0,0.0,0.0,0.0,0.0,0.0,0.0,0.0,420.0000000000008,0.0
339,0.0,0.0,209.99999999999997,0.0,0.0,0.0,0.0,0.0,0.0,0.0,0.0,0.0,0.0,390.0,0.0
340,0.0,0.0,240.00000000000003,0.0,0.0,0.0,0.0,0.0,0.0,0.0,0.0,0.0,0.0,359.99999999999994,0.0
341,0.0,0.0,269.9999999889081,0.0,0.0,0.0,0.0,0.0,0.0,0.0,0.0,0.0,0.0,330.0000000110919,0.0
342,0.0,0.0,300.0,0.0,0.0,0.0,0.0,0.0,0.0,0.0,0.0,0.0,0.0,300.0,0.0
343,0.0,0.0,329.99999999997453,0.0,0.0,0.0,0.0,0.0,0.0,0.0,0.0,0.0,0.0,270.00000000002547,0.0
344,0.0,0.0,360.0,0.0,0.0,0.0,0.0,0.0,0.0,0.0,0.0,0.0,0.0,240.0,0.0
345,0.0,0.0,420.0,0.0,0.0,0.0,0.0,0.0,0.0,0.0,0.0,0.0,0.0,180.0,0.0
346,0.0,0.0,480.0,0.0,0.0,0.0,0.0,0.0,0.0,0.0,0.0,0.0,0.0,120.0,0.0
347,0.0,0.0,540.0,0.0,0.0,0.0,0.0,0.0,0.0,0.0,0.0,0.0,0.0,60.00000000000002,0.0
348,0.0,0.0,59.99999999999966,0.0,0.0,0.0,0.0,0.0,0.0,0.0,0.0,0.0,0.0,0.0,540.0000000000003
349,0.0,0.0,120.0,0.0,0.0,0.0,0.0,0.0,0.0,0.0,0.0,0.0,0.0,0.0,480.0
350,0.0,0.0,179.99999999999926,0.0,0.0,0.0,0.0,0.0,0.0,0.0,0.0,0.0,0.0,0.0,420.0000000000008
351,0.0,0.0,209.99999999999997,0.0,0.0,0.0,0.0,0.0,0.0,0.0,0.0,0.0,0.0,0.0,390.0
352,0.0,0.0,240.00000000000003,0.0,0.0,0.0,0.0,0.0,0.0,0.0,0.0,0.0,0.0,0.0,359.99999999999994
353,0.0,0.0,269.9999999889081,0.0,0.0,0.0,0.0,0.0,0.0,0.0,0.0,0.0,0.0,0.0,330.0000000110919
354,0.0,0.0,300.0,0.0,0.0,0.0,0.0,0.0,0.0,0.0,0.0,0.0,0.0,0.0,300.0
355,0.0,0.0,329.99999999997453,0.0,0.0,0.0,0.0,0.0,0.0,0.0,0.0,0.0,0.0,0.0,270.00000000002547
356,0.0,0.0,360.0,0.0,0.0,0.0,0.0,0.0,0.0,0.0,0.0,0.0,0.0,0.0,240.0
357,0.0,0.0,420.0,0.0,0.0,0.0,0.0,0.0,0.0,0.0,0.0,0.0,0.0,0.0,180.0
358,0.0,0.0,480.0,0.0,0.0,0.0,0.0,0.0,0.0,0.0,0.0,0.0,0.0,0.0,120.0
359,0.0,0.0,540.0,0.0,0.0,0.0,0.0,0.0,0.0,0.0,0.0,0.0,0.0,0.0,60.00000000000002
360,0.0,0.0,0.0,168.00000005369174,0.0,431.99999994630826,0.0,0.0,0.0,0.0,0.0,0.0,0.0,0.0,0.0
361,0.0,0.0,0.0,280.0,0.0,320.00000000000006,0.0,0.0,0.0,0.0,0.0,0.0,0.0,0.0,0.0
362,0.0,0.0,0.0,360.0,0.0,240.0,0.0,0.0,0.0,0.0,0.0,0.0,0.0,0.0,0.0
363,0.0,0.0,0.0,391.99999999999994,0.0,208.0,0.0,0.0,0.0,0.0,0.0,0.0,0.0,0.0,0.0
364,0.0,0.0,0.0,420.0000011015764,0.0,179.99999889842357,0.0,0.0,0.0,0.0,0.0,0.0,0.0,0.0,0.0
365,0.0,0.0,0.0,444.70588224296154,0.0,155.29411775703852,0.0,0.0,0.0,0.0,0.0,0.0,0.0,0.0,0.0
366,0.0,0.0,0.0,466.6666666177261,0.0,133.33333338227393,0.0,0.0,0.0,0.0,0.0,0.0,0.0,0.0,0.0
367,0.0,0.0,0.0,486.31578947368416,0.0,113.68421052631577,0.0,0.0,0.0,0.0,0.0,0.0,0.0,0.0,0.0
368,0.0,0.0,0.0,504.0,0.0,95.99999999999996,0.0,0.0,0.0,0.0,0.0,0.0,0.0,0.0,0.0
369,0.0,0.0,0.0,534.5454545453414,0.0,65.45454545465861,0.0,0.0,0.0,0.0,0.0,0.0,0.0,0.0,0.0
370,0.0,0.0,0.0,560.0,0.0,40.0,0.0,0.0,0.0,0.0,0.0,0.0,0.0,0.0,0.0
371,0.0,0.0,0.0,581.5384615384615,0.0,18.461538461538463,0.0,0.0,0.0,0.0,0.0,0.0,0.0,0.0,0.0
372,0.0,0.0,0.0,168.00000005369174,0.0,0.0,431.99999994630826,0.0,0.0,0.0,0.0,0.0,0.0,0.0,0.0
373,0.0,0.0,0.0,280.0,0.0,0.0,320.00000000000006,0.0,0.0,0.0,0.0,0.0,0.0,0.0,0.0
374,0.0,0.0,0.0,360.0,0.0,0.0,240.0,0.0,0.0,0.0,0.0,0.0,0.0,0.0,0.0
375,0.0,0.0,0.0,391.99999999999994,0.0,0.0,208.0,0.0,0.0,0.0,0.0,0.0,0.0,0.0,0.0
376,0.0,0.0,0.0,420.0000011015764,0.0,0.0,179.99999889842357,0.0,0.0,0.0,0.0,0.0,0.0,0.0,0.0
377,0.0,0.0,0.0,444.70588224296154,0.0,0.0,155.29411775703852,0.0,0.0,0.0,0.0,0.0,0.0,0.0,0.0
378,0.0,0.0,0.0,466.6666666177261,0.0,0.0,133.33333338227393,0.0,0.0,0.0,0.0,0.0,0.0,0.0,0.0
379,0.0,0.0,0.0,486.31578947368416,0.0,0.0,113.68421052631577,0.0,0.0,0.0,0.0,0.0,0.0,0.0,0.0
380,0.0,0.0,0.0,504.0,0.0,0.0,95.99999999999996,0.0,0.0,0.0,0.0,0.0,0.0,0.0,0.0
381,0.0,0.0,0.0,534.5454545453414,0.0,0.0,65.45454545465861,0.0,0.0,0.0,0.0,0.0,0.0,0.0,0.0
382,0.0,0.0,0.0,560.0,0.0,0.0,40.0,0.0,0.0,0.0,0.0,0.0,0.0,0.0,0.0
383,0.0,0.0,0.0,581.5384615384615,0.0,0.0,18.461538461538463,0.0,0.0,0.0,0.0,0.0,0.0,0.0,0.0
384,0.0,0.0,0.0,168.00000005369174,0.0,0.0,0.0,431.99999994630826,0.0,0.0,0.0,0.0,0.0,0.0,0.0
385,0.0,0.0,0.0,280.0,0.0,0.0,0.0,320.00000000000006,0.0,0.0,0.0,0.0,0.0,0.0,0.0
386,0.0,0.0,0.0,360.0,0.0,0.0,0.0,240.0,0.0,0.0,0.0,0.0,0.0,0.0,0.0
387,0.0,0.0,0.0,391.99999999999994,0.0,0.0,0.0,208.0,0.0,0.0,0.0,0.0,0.0,0.0,0.0
388,0.0,0.0,0.0,420.0000011015764,0.0,0.0,0.0,179.99999889842357,0.0,0.0,0.0,0.0,0.0,0.0,0.0
389,0.0,0.0,0.0,444.70588224296154,0.0,0.0,0.0,155.29411775703852,0.0,0.0,0.0,0.0,0.0,0.0,0.0
390,0.0,0.0,0.0,466.6666666177261,0.0,0.0,0.0,133.33333338227393,0.0,0.0,0.0,0.0,0.0,0.0,0.0
391,0.0,0.0,0.0,486.31578947368416,0.0,0.0,0.0,113.68421052631577,0.0,0.0,0.0,0.0,0.0,0.0,0.0
392,0.0,0.0,0.0,504.0,0.0,0.0,0.0,95.99999999999996,0.0,0.0,0.0,0.0,0.0,0.0,0.0
393,0.0,0.0,0.0,534.5454545453414,0.0,0.0,0.0,65.45454545465861,0.0,0.0,0.0,0.0,0.0,0.0,0.0
394,0.0,0.0,0.0,560.0,0.0,0.0,0.0,40.0,0.0,0.0,0.0,0.0,0.0,0.0,0.0
395,0.0,0.0,0.0,581.5384615384615,0.0,0.0,0.0,18.461538461538463,0.0,0.0,0.0,0.0,0.0,0.0,0.0
396,0.0,0.0,0.0,168.00000005369174,0.0,0.0,0.0,0.0,431.99999994630826,0.0,0.0,0.0,0.0,0.0,0.0
397,0.0,0.0,0.0,280.0,0.0,0.0,0.0,0.0,320.00000000000006,0.0,0.0,0.0,0.0,0.0,0.0
398,0.0,0.0,0.0,360.0,0.0,0.0,0.0,0.0,240.0,0.0,0.0,0.0,0.0,0.0,0.0
399,0.0,0.0,0.0,391.99999999999994,0.0,0.0,0.0,0.0,208.0,0.0,0.0,0.0,0.0,0.0,0.0
400,0.0,0.0,0.0,420.0000011015764,0.0,0.0,0.0,0.0,179.99999889842357,0.0,0.0,0.0,0.0,0.0,0.0
401,0.0,0.0,0.0,444.70588224296154,0.0,0.0,0.0,0.0,155.29411775703852,0.0,0.0,0.0,0.0,0.0,0.0
402,0.0,0.0,0.0,466.6666666177261,0.0,0.0,0.0,0.0,133.33333338227393,0.0,0.0,0.0,0.0,0.0,0.0
403,0.0,0.0,0.0,486.31578947368416,0.0,0.0,0.0,0.0,113.68421052631577,0.0,0.0,0.0,0.0,0.0,0.0
404,0.0,0.0,0.0,504.0,0.0,0.0,0.0,0.0,95.99999999999996,0.0,0.0,0.0,0.0,0.0,0.0
405,0.0,0.0,0.0,534.5454545453414,0.0,0.0,0.0,0.0,65.45454545465861,0.0,0.0,0.0,0.0,0.0,0.0
406,0.0,0.0,0.0,560.0,0.0,0.0,0.0,0.0,40.0,0.0,0.0,0.0,0.0,0.0,0.0
407,0.0,0.0,0.0,581.5384615384615,0.0,0.0,0.0,0.0,18.461538461538463,0.0,0.0,0.0,0.0,0.0,0.0
408,0.0,0.0,0.0,85.71428571428572,0.0,0.0,0.0,0.0,0.0,514.2857142857143,0.0,0.0,0.0,0.0,0.0
409,0.0,0.0,0.0,163.6363636359674,0.0,0.0,0.0,0.0,0.0,436.3636363640326,0.0,0.0,0.0,0.0,0.0
410,0.0,0.0,0.0,234.78260869745645,0.0,0.0,0.0,0.0,0.0,365.21739130254355,0.0,0.0,0.0,0.0,0.0
411,0.0,0.0,0.0,268.0851063829862,0.0,0.0,0.0,0.0,0.0,331.9148936170137,0.0,0.0,0.0,0.0,0.0
412,0.0,0.0,0.0,300.0000000004015,0.0,0.0,0.0,0.0,0.0,299.9999999995985,0.0,0.0,0.0,0.0,0.0
413,0.0,0.0,0.0,330.6122448979651,0.0,0.0,0.0,0.0,0.0,269.3877551020349,0.0,0.0,0.0,0.0,0.0
414,0.0,0.0,0.0,360.000000001549,0.0,0.0,0.0,0.0,0.0,239.99999999845105,0.0,0.0,0.0,0.0,0.0
415,0.0,0.0,0.0,388.23529411764713,0.0,0.0,0.0,0.0,0.0,211.76470588235293,0.0,0.0,0.0,0.0,0.0
416,0.0,0.0,0.0,415.38461538400276,0.0,0.0,0.0,0.0,0.0,184.61538461599727,0.0,0.0,0.0,0.0,0.0
417,0.0,0.0,0.0,466.6666666666527,0.0,0.0,0.0,0.0,0.0,133.33333333334724,0.0,0.0,0.0,0.0,0.0
418,0.0,0.0,0.0,514.28571428377,0.0,0.0,0.0,0.0,0.0,85.71428571623,0.0,0.0,0.0,0.0,0.0
419,0.0,0.0,0.0,558.6206896551724,0.0,0.0,0.0,0.0,0.0,41.37931034482759,0.0,0.0,0.0,0.0,0.0
420,0.0,0.0,0.0,168.00000005369174,0.0,0.0,0.0,0.0,0.0,0.0,431.99999994630826,0.0,0.0,0.0,0.0
421,0.0,0.0,0.0,280.0,0.0,0.0,0.0,0.0,0.0,0.0,320.00000000000006,0.0,0.0,0.0,0.0
422,0.0,0.0,0.0,360.0,0.0,0.0,0.0,0.0,0.0,0.0,240.0,0.0,0.0,0.0,0.0
423,0.0,0.0,0.0,391.99999999999994,0.0,0.0,0.0,0.0,0.0,0.0,208.0,0.0,0.0,0.0,0.0
424,0.0,0.0,0.0,420.0000011015764,0.0,0.0,0.0,0.0,0.0,0.0,179.99999889842357,0.0,0.0,0.0,0.0
425,0.0,0.0,0.0,444.70588224296154,0.0,0.0,0.0,0.0,0.0,0.0,155.29411775703852,0.0,0.0,0.0,0.0
426,0.0,0.0,0.0,466.6666666177261,0.0,0.0,0.0,0.0,0.0,0.0,133.33333338227393,0.0,0.0,0.0,0.0
427,0.0,0.0,0.0,486.31578947368416,0.0,0.0,0.0,0.0,0.0,0.0,113.68421052631577,0.0,0.0,0.0,0.0
428,0.0,0.0,0.0,504.0,0.0,0.0,0.0,0.0,0.0,0.0,95.99999999999996,0.0,0.0,0.0,0.0
429,0.0,0.0,0.0,534.5454545453414,0.0,0.0,0.0,0.0,0.0,0.0,65.45454545465861,0.0,0.0,0.0,0.0
430,0.0,0.0,0.0,560.0,0.0,0.0,0.0,0.0,0.0,0.0,40.0,0.0,0.0,0.0,0.0
431,0.0,0.0,0.0,581.5384615384615,0.0,0.0,0.0,0.0,0.0,0.0,18.461538461538463,0.0,0.0,0.0,0.0
432,0.0,0.0,0.0,60.00000000000001,0.0,0.0,0.0,0.0,0.0,0.0,0.0,540.0,0.0,0.0,0.0
433,0.0,0.0,0.0,120.0,0.0,0.0,0.0,0.0,0.0,0.0,0.0,480.0,0.0,0.0,0.0
434,0.0,0.0,0.0,180.0,0.0,0.0,0.0,0.0,0.0,0.0,0.0,420.0,0.0,0.0,0.0
435,0.0,0.0,0.0,210.0,0.0,0.0,0.0,0.0,0.0,0.0,0.0,390.0,0.0,0.0,0.0
436,0.0,0.0,0.0,239.99999999999932,0.0,0.0,0.0,0.0,0.0,0.0,0.0,360.0000000000007,0.0,0.0,0.0
437,0.0,0.0,0.0,270.00000000000097,0.0,0.0,0.0,0.0,0.0,0.0,0.0,329.99999999999903,0.0,0.0,0.0
438,0.0,0.0,0.0,300.0,0.0,0.0,0.0,0.0,0.0,0.0,0.0,300.0,0.0,0.0,0.0
439,0.0,0.0,0.0,329.9999999999998,0.0,0.0,0.0,0.0,0.0,0.0,0.0,270.0000000000003,0.0,0.0,0.0
440,0.0,0.0,0.0,360.0,0.0,0.0,0.0,0.0,0.0,0.0,0.0,240.00000000000003,0.0,0.0,0.0
441,0.0,0.0,0.0,420.0,0.0,0.0,0.0,0.0,0.0,0.0,0.0,180.0,0.0,0.0,0.0
442,0.0,0.0,0.0,480.00000000000006,0.0,0.0,0.0,0.0,0.0,0.0,0.0,120.0,0.0,0.0,0.0
443,0.0,0.0,0.0,540.0000000000001,0.0,0.0,0.0,0.0,0.0,0.0,0.0,59.999999999999936,0.0,0.0,0.0
444,0.0,0.0,0.0,109.09090908046797,0.0,0.0,0.0,0.0,0.0,0.0,0.0,0.0,490.909090919532,0.0,0.0
445,0.0,0.0,0.0,199.9999990830274,0.0,0.0,0.0,0.0,0.0,0.0,0.0,0.0,400.0000009169726,0.0,0.0
446,0.0,0.0,0.0,276.92307692307685,0.0,0.0,0.0,0.0,0.0,0.0,0.0,0.0,323.0769230769231,0.0,0.0
447,0.0,0.0,0.0,311.11111111111114,0.0,0.0,0.0,0.0,0.0,0.0,0.0,0.0,288.88888888888886,0.0,0.0
448,0.0,0.0,0.0,342.85714285663795,0.0,0.0,0.0,0.0,0.0,0.0,0.0,0.0,257.14285714336205,0.0,0.0
449,0.0,0.0,0.0,372.41379310344826,0.0,0.0,0.0,0.0,0.0,0.0,0.0,0.0,227.58620689655174,0.0,0.0
450,0.0,0.0,0.0,400.0,0.0,0.0,0.0,0.0,0.0,0.0,0.0,0.0,199.99999999999997,0.0,0.0
451,0.0,0.0,0.0,425.80645161290323,0.0,0.0,0.0,0.0,0.0,0.0,0.0,0.0,174.19354838709677,0.0,0.0
452,0.0,0.0,0.0,449.99999993373876,0.0,0.0,0.0,0.0,0.0,0.0,0.0,0.0,150.00000006626124,0.0,0.0
453,0.0,0.0,0.0,494.1176470581098,0.0,0.0,0.0,0.0,0.0,0.0,0.0,0.0,105.88235294189015,0.0,0.0
454,0.0,0.0,0.0,533.3333323720512,0.0,0.0,0.0,0.0,0.0,0.0,0.0,0.0,66.6666676279487,0.0,0.0
455,0.0,0.0,0.0,568.4210526435539,0.0,0.0,0.0,0.0,0.0,0.0,0.0,0.0,31.578947356446076,0.0,0.0
456,0.0,0.0,0.0,85.71428571428572,0.0,0.0,0.0,0.0,0.0,0.0,0.0,0.0,0.0,514.2857142857143,0.0
457,0.0,0.0,0.0,163.6363636359674,0.0,0.0,0.0,0.0,0.0,0.0,0.0,0.0,0.0,436.3636363640326,0.0
458,0.0,0.0,0.0,234.78260869745645,0.0,0.0,0.0,0.0,0.0,0.0,0.0,0.0,0.0,365.21739130254355,0.0
459,0.0,0.0,0.0,268.0851063829862,0.0,0.0,0.0,0.0,0.0,0.0,0.0,0.0,0.0,331.9148936170137,0.0
460,0.0,0.0,0.0,300.0000000004015,0.0,0.0,0.0,0.0,0.0,0.0,0.0,0.0,0.0,299.9999999995985,0.0
461,0.0,0.0,0.0,330.6122448979651,0.0,0.0,0.0,0.0,0.0,0.0,0.0,0.0,0.0,269.3877551020349,0.0
462,0.0,0.0,0.0,360.000000001549,0.0,0.0,0.0,0.0,0.0,0.0,0.0,0.0,0.0,239.99999999845105,0.0
463,0.0,0.0,0.0,388.23529411764713,0.0,0.0,0.0,0.0,0.0,0.0,0.0,0.0,0.0,211.76470588235293,0.0
464,0.0,0.0,0.0,415.38461538400276,0.0,0.0,0.0,0.0,0.0,0.0,0.0,0.0,0.0,184.61538461599727,0.0
465,0.0,0.0,0.0,466.6666666666527,0.0,0.0,0.0,0.0,0.0,0.0,0.0,0.0,0.0,133.33333333334724,0.0
466,0.0,0.0,0.0,514.28571428377,0.0,0.0,0.0,0.0,0.0,0.0,0.0,0.0,0.0,85.71428571623,0.0
467,0.0,0.0,0.0,558.6206896551724,0.0,0.0,0.0,0.0,0.0,0.0,0.0,0.0,0.0,41.37931034482759,0.0
468,0.0,0.0,0.0,85.71428571428572,0.0,0.0,0.0,0.0,0.0,0.0,0.0,0.0,0.0,0.0,514.2857142857143
469,0.0,0.0,0.0,163.6363636359674,0.0,0.0,0.0,0.0,0.0,0.0,0.0,0.0,0.0,0.0,436.3636363640326
470,0.0,0.0,0.0,234.78260869745645,0.0,0.0,0.0,0.0,0.0,0.0,0.0,0.0,0.0,0.0,365.21739130254355
471,0.0,0.0,0.0,268.0851063829862,0.0,0.0,0.0,0.0,0.0,0.0,0.0,0.0,0.0,0.0,331.9148936170137
472,0.0,0.0,0.0,300.0000000004015,0.0,0.0,0.0,0.0,0.0,0.0,0.0,0.0,0.0,0.0,299.9999999995985
473,0.0,0.0,0.0,330.6122448979651,0.0,0.0,0.0,0.0,0.0,0.0,0.0,0.0,0.0,0.0,269.3877551020349
474,0.0,0.0,0.0,360.000000001549,0.0,0.0,0.0,0.0,0.0,0.0,0.0,0.0,0.0,0.0,239.99999999845105
475,0.0,0.0,0.0,388.23529411764713,0.0,0.0,0.0,0.0,0.0,0.0,0.0,0.0,0.0,0.0,211.76470588235293
476,0.0,0.0,0.0,415.38461538400276,0.0,0.0,0.0,0.0,0.0,0.0,0.0,0.0,0.0,0.0,184.61538461599727
477,0.0,0.0,0.0,466.6666666666527,0.0,0.0,0.0,0.0,0.0,0.0,0.0,0.0,0.0,0.0,133.33333333334724
478,0.0,0.0,0.0,514.28571428377,0.0,0.0,0.0,0.0,0.0,0.0,0.0,0.0,0.0,0.0,85.71428571623
479,0.0,0.0,0.0,558.6206896551724,0.0,0.0,0.0,0.0,0.0,0.0,0.0,0.0,0.0,0.0,41.37931034482759
480,0.0,0.0,0.0,0.0,262.5,337.49999999999994,0.0,0.0,0.0,0.0,0.0,0.0,0.0,0.0,0.0
481,0.0,0.0,0.0,0.0,381.8181818181818,218.1818181818182,0.0,0.0,0.0,0.0,0.0,0.0,0.0,0.0,0.0
482,0.0,0.0,0.0,0.0,449.9999999996162,150.00000000038378,0.0,0.0,0.0,0.0,0.0,0.0,0.0,0.0,0.0
483,0.0,0.0,0.0,0.0,474.1935483870967,125.80645161290325,0.0,0.0,0.0,0.0,0.0,0.0,0.0,0.0,0.0
484,0.0,0.0,0.0,0.0,494.1176470588236,105.88235294117646,0.0,0.0,0.0,0.0,0.0,0.0,0.0,0.0,0.0
485,0.0,0.0,0.0,0.0,510.8108108108108,89.1891891891892,0.0,0.0,0.0,0.0,0.0,0.0,0.0,0.0,0.0
486,0.0,0.0,0.0,0.0,525.0,75.0,0.0,0.0,0.0,0.0,0.0,0.0,0.0,0.0,0.0
487,0.0,0.0,0.0,0.0,537.2093023255813,62.790697674418595,0.0,0.0,0.0,0.0,0.0,0.0,0.0,0.0,0.0
488,0.0,0.0,0.0,0.0,547.8260869565217,52.173913043478265,0.0,0.0,0.0,0.0,0.0,0.0,0.0,0.0,0.0
489,0.0,0.0,0.0,0.0,565.3846153846154,34.61538461538462,0.0,0.0,0.0,0.0,0.0,0.0,0.0,0.0,0.0
490,0.0,0.0,0.0,0.0,579.3103448275892,20.689655172410816,0.0,0.0,0.0,0.0,0.0,0.0,0.0,0.0,0.0
491,0.0,0.0,0.0,0.0,590.6249999881982,9.375000011801749,0.0,0.0,0.0,0.0,0.0,0.0,0.0,0.0,0.0
492,0.0,0.0,0.0,0.0,262.5,0.0,337.49999999999994,0.0,0.0,0.0,0.0,0.0,0.0,0.0,0.0
493,0.0,0.0,0.0,0.0,381.8181818181818,0.0,218.1818181818182,0.0,0.0,0.0,0.0,0.0,0.0,0.0,0.0
494,0.0,0.0,0.0,0.0,449.9999999996162,0.0,150.00000000038378,0.0,0.0,0.0,0.0,0.0,0.0,0.0,0.0
495,0.0,0.0,0.0,0.0,474.1935483870967,0.0,125.80645161290325,0.0,0.0,0.0,0.0,0.0,0.0,0.0,0.0
496,0.0,0.0,0.0,0.0,494.1176470588236,0.0,105.88235294117646,0.0,0.0,0.0,0.0,0.0,0.0,0.0,0.0
497,0.0,0.0,0.0,0.0,510.8108108108108,0.0,89.1891891891892,0.0,0.0,0.0,0.0,0.0,0.0,0.0,0.0
498,0.0,0.0,0.0,0.0,525.0,0.0,75.0,0.0,0.0,0.0,0.0,0.0,0.0,0.0,0.0
499,0.0,0.0,0.0,0.0,537.2093023255813,0.0,62.790697674418595,0.0,0.0,0.0,0.0,0.0,0.0,0.0,0.0
500,0.0,0.0,0.0,0.0,547.8260869565217,0.0,52.173913043478265,0.0,0.0,0.0,0.0,0.0,0.0,0.0,0.0
501,0.0,0.0,0.0,0.0,565.3846153846154,0.0,34.61538461538462,0.0,0.0,0.0,0.0,0.0,0.0,0.0,0.0
502,0.0,0.0,0.0,0.0,579.3103448275892,0.0,20.689655172410816,0.0,0.0,0.0,0.0,0.0,0.0,0.0,0.0
503,0.0,0.0,0.0,0.0,590.6249999881982,0.0,9.375000011801749,0.0,0.0,0.0,0.0,0.0,0.0,0.0,0.0
504,0.0,0.0,0.0,0.0,262.5,0.0,0.0,337.49999999999994,0.0,0.0,0.0,0.0,0.0,0.0,0.0
505,0.0,0.0,0.0,0.0,381.8181818181818,0.0,0.0,218.1818181818182,0.0,0.0,0.0,0.0,0.0,0.0,0.0
506,0.0,0.0,0.0,0.0,449.9999999996162,0.0,0.0,150.00000000038378,0.0,0.0,0.0,0.0,0.0,0.0,0.0
507,0.0,0.0,0.0,0.0,474.1935483870967,0.0,0.0,125.80645161290325,0.0,0.0,0.0,0.0,0.0,0.0,0.0
508,0.0,0.0,0.0,0.0,494.1176470588236,0.0,0.0,105.88235294117646,0.0,0.0,0.0,0.0,0.0,0.0,0.0
509,0.0,0.0,0.0,0.0,510.8108108108108,0.0,0.0,89.1891891891892,0.0,0.0,0.0,0.0,0.0,0.0,0.0
510,0.0,0.0,0.0,0.0,525.0,0.0,0.0,75.0,0.0,0.0,0.0,0.0,0.0,0.0,0.0
511,0.0,0.0,0.0,0.0,537.2093023255813,0.0,0.0,62.790697674418595,0.0,0.0,0.0,0.0,0.0,0.0,0.0
512,0.0,0.0,0.0,0.0,547.8260869565217,0.0,0.0,52.173913043478265,0.0,0.0,0.0,0.0,0.0,0.0,0.0
513,0.0,0.0,0.0,0.0,565.3846153846154,0.0,0.0,34.61538461538462,0.0,0.0,0.0,0.0,0.0,0.0,0.0
514,0.0,0.0,0.0,0.0,579.3103448275892,0.0,0.0,20.689655172410816,0.0,0.0,0.0,0.0,0.0,0.0,0.0
515,0.0,0.0,0.0,0.0,590.6249999881982,0.0,0.0,9.375000011801749,0.0,0.0,0.0,0.0,0.0,0.0,0.0
516,0.0,0.0,0.0,0.0,262.5,0.0,0.0,0.0,337.49999999999994,0.0,0.0,0.0,0.0,0.0,0.0
517,0.0,0.0,0.0,0.0,381.8181818181818,0.0,0.0,0.0,218.1818181818182,0.0,0.0,0.0,0.0,0.0,0.0
518,0.0,0.0,0.0,0.0,449.9999999996162,0.0,0.0,0.0,150.00000000038378,0.0,0.0,0.0,0.0,0.0,0.0
519,0.0,0.0,0.0,0.0,474.1935483870967,0.0,0.0,0.0,125.80645161290325,0.0,0.0,0.0,0.0,0.0,0.0
520,0.0,0.0,0.0,0.0,494.1176470588236,0.0,0.0,0.0,105.88235294117646,0.0,0.0,0.0,0.0,0.0,0.0
521,0.0,0.0,0.0,0.0,510.8108108108108,0.0,0.0,0.0,89.1891891891892,0.0,0.0,0.0,0.0,0.0,0.0
522,0.0,0.0,0.0,0.0,525.0,0.0,0.0,0.0,75.0,0.0,0.0,0.0,0.0,0.0,0.0
523,0.0,0.0,0.0,0.0,537.2093023255813,0.0,0.0,0.0,62.790697674418595,0.0,0.0,0.0,0.0,0.0,0.0
524,0.0,0.0,0.0,0.0,547.8260869565217,0.0,0.0,0.0,52.173913043478265,0.0,0.0,0.0,0.0,0.0,0.0
525,0.0,0.0,0.0,0.0,565.3846153846154,0.0,0.0,0.0,34.61538461538462,0.0,0.0,0.0,0.0,0.0,0.0
526,0.0,0.0,0.0,0.0,579.3103448275892,0.0,0.0,0.0,20.689655172410816,0.0,0.0,0.0,0.0,0.0,0.0
527,0.0,0.0,0.0,0.0,590.6249999881982,0.0,0.0,0.0,9.375000011801749,0.0,0.0,0.0,0.0,0.0,0.0
528,0.0,0.0,0.0,0.0,150.0,0.0,0.0,0.0,0.0,450.0,0.0,0.0,0.0,0.0,0.0
529,0.0,0.0,0.0,0.0,257.1428566977585,0.0,0.0,0.0,0.0,342.8571433022415,0.0,0.0,0.0,0.0,0.0
530,0.0,0.0,0.0,0.0,337.50000000000006,0.0,0.0,0.0,0.0,262.5,0.0,0.0,0.0,0.0,0.0
531,0.0,0.0,0.0,0.0,370.5882352941176,0.0,0.0,0.0,0.0,229.41176470588235,0.0,0.0,0.0,0.0,0.0
532,0.0,0.0,0.0,0.0,400.0,0.0,0.0,0.0,0.0,200.0,0.0,0.0,0.0,0.0,0.0
533,0.0,0.0,0.0,0.0,426.31578947368416,0.0,0.0,0.0,0.0,173.68421052631578,0.0,0.0,0.0,0.0,0.0
534,0.0,0.0,0.0,0.0,450.0,0.0,0.0,0.0,0.0,150.0,0.0,0.0,0.0,0.0,0.0
535,0.0,0.0,0.0,0.0,471.42857142856883,0.0,0.0,0.0,0.0,128.57142857143117,0.0,0.0,0.0,0.0,0.0
536,0.0,0.0,0.0,0.0,490.9090909090909,0.0,0.0,0.0,0.0,109.09090909090907,0.0,0.0,0.0,0.0,0.0
537,0.0,0.0,0.0,0.0,524.9999999999991,0.0,0.0,0.0,0.0,75.00000000000095,0.0,0.0,0.0,0.0,0.0
538,0.0,0.0,0.0,0.0,553.8461538461552,0.0,0.0,0.0,0.0,46.15384615384485,0.0,0.0,0.0,0.0,0.0
539,0.0,0.0,0.0,0.0,578.5714285714286,0.0,0.0,0.0,0.0,21.42857142857143,0.0,0.0,0.0,0.0,0.0
540,0.0,0.0,0.0,0.0,262.5,0.0,0.0,0.0,0.0,0.0,337.49999999999994,0.0,0.0,0.0,0.0
541,0.0,0.0,0.0,0.0,381.8181818181818,0.0,0.0,0.0,0.0,0.0,218.1818181818182,0.0,0.0,0.0,0.0
542,0.0,0.0,0.0,0.0,449.9999999996162,0.0,0.0,0.0,0.0,0.0,150.00000000038378,0.0,0.0,0.0,0.0
543,0.0,0.0,0.0,0.0,474.1935483870967,0.0,0.0,0.0,0.0,0.0,125.80645161290325,0.0,0.0,0.0,0.0
544,0.0,0.0,0.0,0.0,494.1176470588236,0.0,0.0,0.0,0.0,0.0,105.88235294117646,0.0,0.0,0.0,0.0
545,0.0,0.0,0.0,0.0,510.8108108108108,0.0,0.0,0.0,0.0,0.0,89.1891891891892,0.0,0.0,0.0,0.0
546,0.0,0.0,0.0,0.0,525.0,0.0,0.0,0.0,0.0,0.0,75.0,0.0,0.0,0.0,0.0
547,0.0,0.0,0.0,0.0,537.2093023255813,0.0,0.0,0.0,0.0,0.0,62.790697674418595,0.0,0.0,0.0,0.0
548,0.0,0.0,0.0,0.0,547.8260869565217,0.0,0.0,0.0,0.0,0.0,52.173913043478265,0.0,0.0,0.0,0.0
549,0.0,0.0,0.0,0.0,565.3846153846154,0.0,0.0,0.0,0.0,0.0,34.61538461538462,0.0,0.0,0.0,0.0
550,0.0,0.0,0.0,0.0,579.3103448275892,0.0,0.0,0.0,0.0,0.0,20.689655172410816,0.0,0.0,0.0,0.0
551,0.0,0.0,0.0,0.0,590.6249999881982,0.0,0.0,0.0,0.0,0.0,9.375000011801749,0.0,0.0,0.0,0.0
552,0.0,0.0,0.0,0.0,109.09090908046797,0.0,0.0,0.0,0.0,0.0,0.0,490.909090919532,0.0,0.0,0.0
553,0.0,0.0,0.0,0.0,199.9999990830274,0.0,0.0,0.0,0.0,0.0,0.0,400.0000009169726,0.0,0.0,0.0
554,0.0,0.0,0.0,0.0,276.92307692307685,0.0,0.0,0.0,0.0,0.0,0.0,323.0769230769231,0.0,0.0,0.0
555,0.0,0.0,0.0,0.0,311.11111111111114,0.0,0.0,0.0,0.0,0.0,0.0,288.88888888888886,0.0,0.0,0.0
556,0.0,0.0,0.0,0.0,342.85714285663795,0.0,0.0,0.0,0.0,0.0,0.0,257.14285714336205,0.0,0.0,0.0
557,0.0,0.0,0.0,0.0,372.41379310344826,0.0,0.0,0.0,0.0,0.0,0.0,227.58620689655174,0.0,0.0,0.0
558,0.0,0.0,0.0,0.0,400.0,0.0,0.0,0.0,0.0,0.0,0.0,199.99999999999997,0.0,0.0,0.0
559,0.0,0.0,0.0,0.0,425.80645161290323,0.0,0.0,0.0,0.0,0.0,0.0,174.19354838709677,0.0,0.0,0.0
560,0.0,0.0,0.0,0.0,449.99999993373876,0.0,0.0,0.0,0.0,0.0,0.0,150.00000006626124,0.0,0.0,0.0
561,0.0,0.0,0.0,0.0,494.1176470581098,0.0,0.0,0.0,0.0,0.0,0.0,105.88235294189015,0.0,0.0,0.0
562,0.0,0.0,0.0,0.0,533.3333323720512,0.0,0.0,0.0,0.0,0.0,0.0,66.6666676279487,0.0,0.0,0.0
563,0.0,0.0,0.0,0.0,568.4210526435539,0.0,0.0,0.0,0.0,0.0,0.0,31.578947356446076,0.0,0.0,0.0
564,0.0,0.0,0.0,0.0,184.61538397829523,0.0,0.0,0.0,0.0,0.0,0.0,0.0,415.38461602170474,0.0,0.0
565,0.0,0.0,0.0,0.0,299.99999999941764,0.0,0.0,0.0,0.0,0.0,0.0,0.0,300.0000000005824,0.0,0.0
566,0.0,0.0,0.0,0.0,378.9473684210527,0.0,0.0,0.0,0.0,0.0,0.0,0.0,221.0526315789473,0.0,0.0
567,0.0,0.0,0.0,0.0,409.7560975609756,0.0,0.0,0.0,0.0,0.0,0.0,0.0,190.2439024390244,0.0,0.0
568,0.0,0.0,0.0,0.0,436.36363549159756,0.0,0.0,0.0,0.0,0.0,0.0,0.0,163.63636450840247,0.0,0.0
569,0.0,0.0,0.0,0.0,459.57446817048844,0.0,0.0,0.0,0.0,0.0,0.0,0.0,140.42553182951158,0.0,0.0
570,0.0,0.0,0.0,0.0,479.99999999999994,0.0,0.0,0.0,0.0,0.0,0.0,0.0,120.0000000000001,0.0,0.0
571,0.0,0.0,0.0,0.0,498.113207546946,0.0,0.0,0.0,0.0,0.0,0.0,0.0,101.88679245305399,0.0,0.0
572,0.0,0.0,0.0,0.0,514.2857142849589,0.0,0.0,0.0,0.0,0.0,0.0,0.0,85.71428571504114,0.0,0.0
573,0.0,0.0,0.0,0.0,541.9354838675513,0.0,0.0,0.0,0.0,0.0,0.0,0.0,58.06451613244864,0.0,0.0
574,0.0,0.0,0.0,0.0,564.7058823529412,0.0,0.0,0.0,0.0,0.0,0.0,0.0,35.29411764705883,0.0,0.0
575,0.0,0.0,0.0,0.0,583.7837837830849,0.0,0.0,0.0,0.0,0.0,0.0,0.0,16.21621621691513,0.0,0.0
576,0.0,0.0,0.0,0.0,150.0,0.0,0.0,0.0,0.0,0.0,0.0,0.0,0.0,450.0,0.0
577,0.0,0.0,0.0,0.0,257.1428566977585,0.0,0.0,0.0,0.0,0.0,0.0,0.0,0.0,342.8571433022415,0.0
578,0.0,0.0,0.0,0.0,337.50000000000006,0.0,0.0,0.0,0.0,0.0,0.0,0.0,0.0,262.5,0.0
579,0.0,0.0,0.0,0.0,370.5882352941176,0.0,0.0,0.0,0.0,0.0,0.0,0.0,0.0,229.41176470588235,0.0
580,0.0,0.0,0.0,0.0,400.0,0.0,0.0,0.0,0.0,0.0,0.0,0.0,0.0,200.0,0.0
581,0.0,0.0,0.0,0.0,426.31578947368416,0.0,0.0,0.0,0.0,0.0,0.0,0.0,0.0,173.68421052631578,0.0
582,0.0,0.0,0.0,0.0,450.0,0.0,0.0,0.0,0.0,0.0,0.0,0.0,0.0,150.0,0.0
583,0.0,0.0,0.0,0.0,471.42857142856883,0.0,0.0,0.0,0.0,0.0,0.0,0.0,0.0,128.57142857143117,0.0
584,0.0,0.0,0.0,0.0,490.9090909090909,0.0,0.0,0.0,0.0,0.0,0.0,0.0,0.0,109.09090909090907,0.0
585,0.0,0.0,0.0,0.0,524.9999999999991,0.0,0.0,0.0,0.0,0.0,0.0,0.0,0.0,75.00000000000095,0.0
586,0.0,0.0,0.0,0.0,553.8461538461552,0.0,0.0,0.0,0.0,0.0,0.0,0.0,0.0,46.15384615384485,0.0
587,0.0,0.0,0.0,0.0,578.5714285714286,0.0,0.0,0.0,0.0,0.0,0.0,0.0,0.0,21.42857142857143,0.0
588,0.0,0.0,0.0,0.0,150.0,0.0,0.0,0.0,0.0,0.0,0.0,0.0,0.0,0.0,450.0
589,0.0,0.0,0.0,0.0,257.1428566977585,0.0,0.0,0.0,0.0,0.0,0.0,0.0,0.0,0.0,342.8571433022415
590,0.0,0.0,0.0,0.0,337.50000000000006,0.0,0.0,0.0,0.0,0.0,0.0,0.0,0.0,0.0,262.5
591,0.0,0.0,0.0,0.0,370.5882352941176,0.0,0.0,0.0,0.0,0.0,0.0,0.0,0.0,0.0,229.41176470588235
592,0.0,0.0,0.0,0.0,400.0,0.0,0.0,0.0,0.0,0.0,0.0,0.0,0.0,0.0,200.0
593,0.0,0.0,0.0,0.0,426.31578947368416,0.0,0.0,0.0,0.0,0.0,0.0,0.0,0.0,0.0,173.68421052631578
594,0.0,0.0,0.0,0.0,450.0,0.0,0.0,0.0,0.0,0.0,0.0,0.0,0.0,0.0,150.0
595,0.0,0.0,0.0,0.0,471.42857142856883,0.0,0.0,0.0,0.0,0.0,0.0,0.0,0.0,0.0,128.57142857143117
596,0.0,0.0,0.0,0.0,490.9090909090909,0.0,0.0,0.0,0.0,0.0,0.0,0.0,0.0,0.0,109.09090909090907
597,0.0,0.0,0.0,0.0,524.9999999999991,0.0,0.0,0.0,0.0,0.0,0.0,0.0,0.0,0.0,75.00000000000095
598,0.0,0.0,0.0,0.0,553.8461538461552,0.0,0.0,0.0,0.0,0.0,0.0,0.0,0.0,0.0,46.15384615384485
599,0.0,0.0,0.0,0.0,578.5714285714286,0.0,0.0,0.0,0.0,0.0,0.0,0.0,0.0,0.0,21.42857142857143
